stock,p_e_ratio,p_b_ratio,p_s_ratio,ev_ebitda,ev_gp,p_e_ratio_percentile,p_b_ratio_percentile,p_s_ratio_percentile,ev_ebitda_percentile,ev_gp_percentile,rv_score
ABB.NS,57.470394,15.265778,8.860193,44.488,20.116766145926107,0.7396593673965937,0.9002433090024331,0.8126520681265207,0.851581508515815,0.8394160583941606,0.8287104622871047
APLAPOLLO.NS,66.65862,10.9482765,2.113049,39.128,16.130748995096493,0.8077858880778589,0.7907542579075426,0.2725060827250608,0.7883211678832117,0.7299270072992701,0.6778588807785888
360ONE.NS,32.05094,7.9261465,8.767014,17.455,15.22345675425716,0.36982968369829683,0.6593673965936739,0.8004866180048662,0.3357664233576642,0.681265206812652,0.5693430656934306
3MINDIA.NS,55.248875,19.15857,7.349284,41.715,18.126666173029577,0.7201946472019465,0.9367396593673966,0.7274939172749392,0.8150851581508516,0.7980535279805353,0.7995133819951338
ACC.NS,14.265091,2.2244043,1.7504996,12.25,3.532627661248973,0.10218978102189781,0.15571776155717762,0.19464720194647203,0.19951338199513383,0.09245742092457421,0.14890510948905109
AIAENG.NS,28.984827,4.690084,6.9558315,23.172,10.43232893912877,0.3309002433090024,0.41119221411192214,0.7104622871046229,0.45742092457420924,0.5182481751824818,0.4856447688564477
AARTIIND.NS,36.888557,2.481606,1.9111274,16.819,6.817736061573118,0.46715328467153283,0.1873479318734793,0.2384428223844282,0.30900243309002434,0.30900243309002434,0.30218978102189775
ACE.NS,38.61247,10.860764,4.695677,31.333,15.109554184223528,0.4793187347931874,0.7785888077858881,0.5669099756690997,0.6423357664233577,0.6763990267639902,0.6287104622871047
ADANIENSOL.NS,126.56849,4.919572,4.6715384,17.781,12.125953207909864,0.9416058394160584,0.4282238442822384,0.559610705596107,0.3442822384428224,0.5790754257907542,0.5705596107055961
ABBOTINDIA.NS,46.296432,17.54805,9.896774,39.2,21.81585380151628,0.610705596107056,0.927007299270073,0.8661800486618005,0.7907542579075426,0.8686131386861314,0.8126520681265207
ADANIENT.NS,78.1342,6.986811,2.6916747,27.142,7.304361879908207,0.8686131386861314,0.6082725060827251,0.35036496350364965,0.5620437956204379,0.35036496350364965,0.5479318734793187
ADANIGREEN.NS,117.681526,15.454104,13.54673,26.924,25.268353433567142,0.9343065693430657,0.902676399026764,0.9172749391727494,0.5523114355231143,0.9197080291970803,0.8452554744525547
ADANIPOWER.NS,16.472315,3.8624446,3.7123377,11.391,10.205597796597925,0.12895377128953772,0.340632603406326,0.46715328467153283,0.18004866180048662,0.5060827250608273,0.3245742092457421
ATGL.NS,97.09359,16.604885,13.482307,59.146,39.59028847465459,0.9075425790754258,0.9197080291970803,0.9148418491484185,0.9245742092457421,0.9732360097323601,0.9279805352798054
ADANIPORTS.NS,24.511206,4.337996,8.589827,16.928,15.234868341872389,0.26277372262773724,0.38686131386861317,0.7883211678832117,0.31143552311435524,0.683698296836983,0.48661800486618007
AWL.NS,28.992373,3.8729625,0.5871387,14.348,4.432282088519116,0.3333333333333333,0.34306569343065696,0.046228710462287104,0.26277372262773724,0.14841849148418493,0.22676399026763994
AEGISLOG.NS,47.164948,6.6207266,3.9643145,31.41,22.098169763000776,0.6204379562043796,0.5669099756690997,0.49878345498783455,0.6447688564476886,0.878345498783455,0.6418491484184914
ABREL.NS,151.51636,5.25842,4.204894,48.318,14.017597361342348,0.9537712895377128,0.45255474452554745,0.5206812652068127,0.8734793187347932,0.6447688564476886,0.689051094890511
ABSLAMC.NS,20.79098,5.7656565,9.830636,15.381,12.47726380791105,0.20437956204379562,0.49635036496350365,0.8588807785888077,0.2822384428223844,0.5936739659367397,0.4871046228710463
AJANTPHARM.NS,34.719894,8.472424,6.86544,24.419,8.87653428264729,0.41849148418491483,0.6885644768856448,0.7007299270072993,0.49878345498783455,0.43552311435523117,0.548418491484185
APLLTD.NS,28.73329,3.5504067,2.7000766,18.965,3.904887242735328,0.32116788321167883,0.30900243309002434,0.35279805352798055,0.36982968369829683,0.11435523114355231,0.2934306569343066
AKUMS.NS,44.66169,2.3636622,1.7135836,15.198,4.197107185503659,0.5742092457420924,0.17274939172749393,0.18491484184914841,0.2749391727493917,0.1192214111922141,0.2652068126520681
AFFLE.NS,58.14553,7.920094,9.846175,54.208,32.84681791224479,0.7445255474452555,0.656934306569343,0.8637469586374696,0.9124087591240876,0.9635036496350365,0.8282238442822385
ALKYLAMINE.NS,49.02642,6.65453,5.6623893,29.168,12.057113984272904,0.6545012165450121,0.5717761557177615,0.5985401459854015,0.6082725060827251,0.5693430656934306,0.6004866180048661
ALKEM.NS,26.809729,5.0231047,4.5258455,23.239,7.134202755684818,0.29683698296836986,0.43309002433090027,0.5498783454987834,0.45985401459854014,0.340632603406326,0.41605839416058393
AMBUJACEM.NS,29.591036,2.5842373,3.8208945,25.006,6.660129528737634,0.3381995133819951,0.20437956204379562,0.48175182481751827,0.5145985401459854,0.29927007299270075,0.367639902676399
ARE&M.NS,17.922617,2.4976757,1.4292666,10.887,4.338056723003227,0.1630170316301703,0.19708029197080293,0.145985401459854,0.1654501216545012,0.1386861313868613,0.16204379562043797
ANANDRATHI.NS,52.63799,26.908358,15.905866,37.067,27.777463917140025,0.683698296836983,0.9610705596107056,0.9464720194647201,0.7566909975669099,0.9391727493917275,0.8574209245742093
AMBER.NS,101.01317,10.553742,2.4717615,37.785,14.975542966131108,0.9172749391727494,0.7566909975669099,0.31630170316301703,0.7688564476885644,0.6690997566909975,0.6856447688564477
APARINDS.NS,25.444828,5.0034814,1.1529378,13.575,5.544623594880282,0.27007299270072993,0.4306569343065693,0.1070559610705596,0.24087591240875914,0.22384428223844283,0.2545012165450121
ANANTRAJ.NS,39.834206,4.07542,7.9879203,35.301,29.18529518740465,0.5109489051094891,0.36982968369829683,0.7493917274939172,0.7201946472019465,0.9440389294403893,0.6588807785888078
APOLLOTYRE.NS,20.07628,1.8121045,1.0135298,8.864,2.763718198797722,0.1922141119221411,0.09245742092457421,0.0948905109489051,0.1070559610705596,0.05596107055961071,0.10851581508515815
APOLLOHOSP.NS,73.5277,13.447523,4.565711,37.619,13.82207204994682,0.8442822384428224,0.8661800486618005,0.5523114355231143,0.7664233576642335,0.6374695863746959,0.7333333333333333
ASAHIINDIA.NS,42.377502,6.0248823,3.314513,24.096,6.228333938654536,0.5498783454987834,0.5231143552311436,0.43552311435523117,0.49148418491484186,0.2749391727493917,0.4549878345498783
ASHOKLEY.NS,21.324324,5.8492775,1.2703277,11.567,5.609759763286664,0.2141119221411192,0.5036496350364964,0.12895377128953772,0.1873479318734793,0.22627737226277372,0.25206812652068133
ASTRAL.NS,68.48617,10.648627,6.217425,39.395,15.768067638398325,0.8150851581508516,0.7688564476885644,0.6496350364963503,0.7956204379562044,0.7007299270072993,0.7459854014598539
ACI.NS,38.903347,3.6582212,6.5970855,20.134,6.248646713285781,0.48418491484184917,0.32116788321167883,0.6788321167883211,0.39902676399026765,0.2773722627737226,0.4321167883211679
ASTRAZEN.NS,204.07953,29.090376,12.211922,94.513,27.70840598862582,0.9781021897810219,0.9683698296836983,0.8953771289537713,0.9659367396593674,0.9367396593673966,0.9489051094890512
ASIANPAINT.NS,53.47367,12.524453,6.600732,39.326,15.817874772757492,0.6958637469586375,0.8394160583941606,0.681265206812652,0.7931873479318735,0.7104622871046229,0.7440389294403893
ATUL.NS,38.021755,2.816317,2.9559648,19.301,6.279739148047429,0.4744525547445255,0.23357664233576642,0.39416058394160586,0.3795620437956204,0.2798053527980535,0.35231143552311434
AUROPHARMA.NS,18.484114,2.0899746,2.0761738,10.009,3.678850786146074,0.170316301703163,0.145985401459854,0.26520681265206814,0.1362530413625304,0.10462287104622871,0.16447688564476884
ASTERDM.NS,117.68293,7.010738,5.845398,36.137,10.76015804898284,0.9367396593673966,0.6131386861313869,0.6131386861313869,0.7420924574209246,0.5279805352798054,0.6866180048661801
BASF.NS,31.056776,5.4256096,1.2415358,20.155,7.480830218205727,0.35523114355231145,0.46715328467153283,0.12652068126520682,0.40389294403892945,0.35523114355231145,0.3416058394160584
BEML.NS,46.945503,4.55987,3.168645,28.493,7.045666571462173,0.6180048661800487,0.40632603406326034,0.41605839416058393,0.5936739659367397,0.3284671532846715,0.47250608272506084
BSE.NS,80.6409,16.06296,26.112335,42.818,24.288242717993512,0.8734793187347932,0.9099756690997567,0.9805352798053528,0.8345498783454988,0.9099756690997567,0.9017031630170316
BLS.NS,34.97275,11.093345,8.132805,29.845,20.04432737848143,0.4282238442822384,0.7931873479318735,0.754257907542579,0.6253041362530414,0.8369829683698297,0.6875912408759124
AVANTIFEED.NS,20.365026,3.8994184,1.7807577,13.955,6.606117641572765,0.19708029197080293,0.34549878345498786,0.20924574209245742,0.25304136253041365,0.2944038929440389,0.25985401459854013
DMART.NS,97.08964,13.049151,4.5949492,62.083,31.50485409194613,0.9051094890510949,0.851581508515815,0.5547445255474452,0.9318734793187348,0.9537712895377128,0.8394160583941606
BAJAJ-AUTO.NS,28.571268,6.915352,4.1933136,18.379,13.086904533897842,0.31386861313868614,0.5961070559610706,0.5182481751824818,0.35766423357664234,0.6155717761557178,0.48029197080291974
BAJAJFINSV.NS,35.972538,4.4588337,2.4002392,12.723,9.316578331589616,0.44525547445255476,0.39416058394160586,0.30413625304136255,0.22384428223844283,0.45985401459854014,0.3654501216545012
BALRAMCHIN.NS,27.09622,3.1368995,2.0845647,16.613,8.183414040335688,0.30413625304136255,0.2773722627737226,0.27007299270072993,0.30170316301703165,0.3844282238442822,0.3075425790754258
BALKRISIND.NS,26.041986,4.910945,4.449006,18.594,8.918542298940187,0.2822384428223844,0.4257907542579075,0.5450121654501217,0.36253041362530414,0.43795620437956206,0.4107055961070559
BAJAJHLDNG.NS,17.03565,2.1400445,70.33943,84.001,75.40492956668311,0.14841849148418493,0.14841849148418493,0.9878345498783455,0.9562043795620438,0.9878345498783455,0.6457420924574209
BALAMINES.NS,21.277285,2.2296288,2.7112036,14.134,5.867970770869838,0.2116788321167883,0.15815085158150852,0.36009732360097324,0.25790754257907544,0.24330900243309003,0.24622871046228711
BATAINDIA.NS,44.636665,10.596508,4.447747,35.537,8.361925970819524,0.5717761557177615,0.7615571776155717,0.5425790754257908,0.732360097323601,0.40632603406326034,0.602919708029197
BAYERCROP.NS,41.494915,7.0216646,4.1512814,34.057,10.39140993746284,0.5425790754257908,0.6155717761557178,0.51338199513382,0.6982968369829684,0.5158150851581509,0.5771289537712896
BHARATFORG.NS,53.467953,6.56504,3.178245,20.135,6.419937042593046,0.6934306569343066,0.5620437956204379,0.4209245742092457,0.40145985401459855,0.2871046228710462,0.47299270072992694
BDL.NS,188.69534,13.150988,20.252367,95.098,31.02770525857101,0.9732360097323601,0.8564476885644768,0.9635036496350365,0.9683698296836983,0.9513381995133819,0.9425790754257907
BERGEPAINT.NS,52.35685,10.691094,5.2652493,33.668,12.863060808399416,0.6788321167883211,0.7761557177615572,0.5936739659367397,0.6885644768856448,0.6034063260340633,0.6681265206812652
BHARTIHEXA.NS,172.4647,13.415359,9.019122,22.643,18.04954861196825,0.9683698296836983,0.8613138686131386,0.8248175182481752,0.44525547445255476,0.7931873479318735,0.7785888077858881
BHEL.NS,144.89865,3.1356466,2.7049122,77.829,8.656558000962228,0.9464720194647201,0.2749391727493917,0.35523114355231145,0.9513381995133819,0.4257907542579075,0.5907542579075425
BPCL.NS,8.689366,1.547488,0.26794937,6.297,2.9269035238121788,0.038929440389294405,0.06569343065693431,0.0170316301703163,0.06082725060827251,0.06082725060827251,0.048661800486618015
BEL.NS,40.99561,11.546867,8.8285265,30.878,17.821313466153708,0.5328467153284672,0.8126520681265207,0.805352798053528,0.635036496350365,0.7834549878345499,0.7138686131386862
BHARTIARTL.NS,42.368164,9.748221,6.42072,16.155,11.971146426542788,0.5450121654501217,0.7274939172749392,0.6666666666666666,0.2944038929440389,0.5669099756690997,0.5600973236009732
BIKAJI.NS,62.119267,12.803009,6.4695854,42.712,18.99380927236269,0.7712895377128953,0.8467153284671532,0.6690997566909975,0.8321167883211679,0.8150851581508516,0.7868613138686131
BIOCON.NS,48.779762,1.9217914,2.661318,18.192,6.541570217704339,0.6472019464720195,0.11678832116788321,0.34793187347931875,0.35523114355231145,0.291970802919708,0.3518248175182482
BRIGADE.NS,34.6008,4.436809,4.3655787,16.965,9.70693878547196,0.41119221411192214,0.39172749391727496,0.537712895377129,0.31630170316301703,0.4744525547445255,0.42627737226277373
BLUESTARCO.NS,74.066864,15.193375,3.6761572,52.518,15.341014550263449,0.8467153284671532,0.8978102189781022,0.46228710462287104,0.9002433090024331,0.6861313868613139,0.7586374695863747
BIRLACORPN.NS,36.498505,1.2214844,0.9353152,9.827,1.5328719804575814,0.46472019464720193,0.0413625304136253,0.09002433090024331,0.12895377128953772,0.012165450121654502,0.14744525547445256
BOSCHLTD.NS,39.68227,6.320371,4.67877,33.755,13.008130504218263,0.5060827250608273,0.5498783454987834,0.5620437956204379,0.6934306569343066,0.610705596107056,0.5844282238442823
BBTC.NS,10.752633,2.413854,0.68009865,4.216,1.86285112735486,0.05596107055961071,0.17761557177615572,0.04866180048661801,0.021897810218978103,0.0170316301703163,0.06423357664233575
MAPMYINDIA.NS,70.41449,13.084867,22.313828,61.145,32.80967293674963,0.8248175182481752,0.8540145985401459,0.9708029197080292,0.9294403892944039,0.9610705596107056,0.908029197080292
BLUEDART.NS,51.282314,9.907481,2.5084426,23.829,11.693738310738622,0.6690997566909975,0.7347931873479319,0.3284671532846715,0.48418491484184917,0.559610705596107,0.5552311435523114
BSOFT.NS,17.92176,3.1323984,1.8790016,12.4,4.210519892963502,0.16058394160583941,0.2725060827250608,0.23114355231143552,0.20437956204379562,0.12408759124087591,0.19854014598540143
CCL.NS,26.815968,4.0599403,2.441159,17.655,7.913331364555603,0.29927007299270075,0.36739659367396593,0.30900243309002434,0.340632603406326,0.36982968369829683,0.3372262773722628
BRITANNIA.NS,56.17759,37.69708,6.9048157,38.141,16.850859547692128,0.732360097323601,0.9829683698296837,0.7055961070559611,0.7761557177615572,0.7518248175182481,0.7897810218978102
CESC.NS,14.405124,1.6615597,1.2199028,12.605,6.098394274026042,0.1070559610705596,0.0851581508515815,0.12165450121654502,0.2141119221411192,0.26277372262773724,0.15815085158150852
CGPOWER.NS,94.29508,24.92309,9.419262,72.252,30.952728097388807,0.902676399026764,0.9513381995133819,0.8467153284671532,0.9464720194647201,0.948905109489051,0.9192214111922141
CAMPUS.NS,61.31458,10.525068,4.7202406,36.172,9.677016065410724,0.7664233576642335,0.754257907542579,0.5717761557177615,0.7445255474452555,0.4720194647201946,0.6618004866180048
CRISIL.NS,44.84282,11.95921,9.408391,32.448,19.772927114032587,0.5790754257907542,0.8248175182481752,0.8442822384428224,0.6593673965936739,0.8345498783454988,0.7484184914841849
CIEINDIA.NS,18.085648,2.251559,1.6549377,9.436,3.2752343797848305,0.1654501216545012,0.1654501216545012,0.18004866180048662,0.11678832116788321,0.072992700729927,0.14014598540145987
CAPLIPOINT.NS,28.73535,5.9618235,7.7925835,22.683,12.76547667385579,0.3236009732360097,0.5158150851581509,0.7396593673965937,0.44768856447688565,0.6009732360097324,0.5255474452554745
CARBORUNIV.NS,47.397324,5.6615934,3.8741968,25.425,6.341418258490167,0.6228710462287105,0.48661800486618007,0.48661800486618007,0.5279805352798054,0.2846715328467153,0.4817518248175183
CASTROLIND.NS,21.69477,8.825214,3.7510283,14.746,7.238684677574345,0.22141119221411193,0.7031630170316302,0.46958637469586373,0.26763990267639903,0.34549878345498786,0.4014598540145986
CELLO.NS,33.78807,5.909051,5.721452,22.588,10.601287402978208,0.39172749391727496,0.5085158150851582,0.6058394160583942,0.44282238442822386,0.5231143552311436,0.49440389294403897
CHAMBLFERT.NS,15.45657,3.0497153,1.4862211,8.919,3.072952542949173,0.11192214111922141,0.26763990267639903,0.15815085158150852,0.10948905109489052,0.0705596107055961,0.1435523114355231
CENTURYPLY.NS,72.99791,6.851701,3.5282946,34.914,8.391778512963144,0.8369829683698297,0.5863746958637469,0.44525547445255476,0.7153284671532847,0.41119221411192214,0.5990267639902677
CDSL.NS,45.039413,16.400805,20.810253,32.715,20.151020363419995,0.5815085158150851,0.9172749391727494,0.9659367396593674,0.6690997566909975,0.8418491484184915,0.7951338199513382
CERA.NS,30.30379,5.8506775,3.7525063,23.546,6.639523657631573,0.34549878345498786,0.5060827250608273,0.4720194647201946,0.46958637469586373,0.29683698296836986,0.4180048661800487
CHALET.NS,169.47745,6.408408,11.193432,30.937,17.23078743630855,0.9659367396593674,0.5523114355231143,0.8832116788321168,0.6374695863746959,0.7664233576642335,0.7610705596107056
CEATLTD.NS,24.095379,2.761337,0.90690196,9.96,2.8084387864074354,0.25547445255474455,0.22627737226277372,0.08029197080291971,0.13138686131386862,0.058394160583941604,0.15036496350364964
CHENNPETRO.NS,24.391026,1.1745163,0.15090145,10.969,5.150945448312976,0.25790754257907544,0.0364963503649635,0.004866180048661801,0.17274939172749393,0.20437956204379562,0.13527980535279807
CIPLA.NS,22.937601,4.0297093,4.278505,15.8,5.994567617779268,0.2360097323600973,0.36253041362530414,0.5304136253041363,0.2895377128953771,0.25790754257907544,0.335279805352798
CLEAN.NS,48.54379,9.758604,13.62253,33.75,24.4915409817387,0.6399026763990268,0.7299270072992701,0.9197080291970803,0.6909975669099757,0.9148418491484185,0.7790754257907542
COALINDIA.NS,6.9104447,2.4655664,1.7975583,4.647,1.8754803534879363,0.019464720194647202,0.18004866180048662,0.2116788321167883,0.029197080291970802,0.019464720194647202,0.09197080291970802
COFORGE.NS,55.25,7.3715153,3.9718285,34.641,10.385523584841527,0.7226277372262774,0.6301703163017032,0.5036496350364964,0.7104622871046229,0.5109489051094891,0.6155717761557178
COLPAL.NS,45.043682,39.89185,10.862776,32.657,15.490948911086042,0.5863746958637469,0.9854014598540146,0.878345498783455,0.6666666666666666,0.6934306569343066,0.762043795620438
COCHINSHIP.NS,45.869064,6.936409,8.414648,37.148,21.47435986659384,0.6009732360097324,0.6009732360097324,0.7712895377128953,0.7591240875912408,0.8661800486618005,0.7197080291970803
CONCOR.NS,31.947025,3.4403381,4.6848145,20.106,16.64948230917163,0.36739659367396593,0.29683698296836986,0.5644768856447688,0.39659367396593675,0.7420924574209246,0.47347931873479315
CRAFTSMAN.NS,54.05429,3.7332613,2.169617,16.222,5.767239818035837,0.7007299270072993,0.3260340632603406,0.2773722627737226,0.29683698296836986,0.2360097323600973,0.367396593673966
CONCORDBIO.NS,53.182987,10.899515,15.975243,37.322,21.17630645086904,0.6861313868613139,0.781021897810219,0.948905109489051,0.7615571776155717,0.8613138686131386,0.8077858880778589
CAMS.NS,39.524628,17.599781,13.223992,29.668,19.404358221186875,0.5012165450121655,0.9294403892944039,0.9099756690997567,0.6204379562043796,0.8223844282238443,0.75669099756691
CUMMINSIND.NS,39.213642,11.320121,7.7018723,32.884,20.816606458622665,0.49635036496350365,0.8029197080291971,0.7347931873479319,0.6739659367396593,0.851581508515815,0.7119221411192214
CROMPTON.NS,40.305996,6.822749,2.7306643,27.826,8.587662315935031,0.5182481751824818,0.5815085158150851,0.36982968369829683,0.5815085158150851,0.41849148418491483,0.49391727493917276
COROMANDEL.NS,36.097973,5.838937,2.5831122,22.769,9.800824599172204,0.45012165450121655,0.5012165450121655,0.3381995133819951,0.45012165450121655,0.48175182481751827,0.4442822384428224
DLF.NS,40.49226,4.02354,23.126995,88.347,44.79268216512813,0.5231143552311436,0.36009732360097324,0.9732360097323601,0.9610705596107056,0.9805352798053528,0.759610705596107
CYIENT.NS,20.24371,2.4798987,1.74486,11.557,5.34130166410129,0.19464720194647203,0.18491484184914841,0.1922141119221411,0.18491484184914841,0.2141119221411192,0.19416058394160582
DOMS.NS,76.92452,17.135744,8.930504,47.081,19.27314992075588,0.8661800486618005,0.9245742092457421,0.8175182481751825,0.8637469586374696,0.8199513381995134,0.8583941605839417
DEEPAKFERT.NS,16.475576,2.5280013,1.4977487,9.467,5.171202096169924,0.13138686131386862,0.19951338199513383,0.16058394160583941,0.12165450121654502,0.20681265206812652,0.16399026763990268
DATAPATTNS.NS,52.63463,6.9719367,19.035557,40.099,24.4351376615375,0.681265206812652,0.6034063260340633,0.9586374695863747,0.8004866180048662,0.9124087591240876,0.7912408759124088
DABUR.NS,45.672604,7.8908696,6.522119,34.348,13.538083423063911,0.5961070559610706,0.6545012165450121,0.6739659367396593,0.7031630170316302,0.6301703163017032,0.6515815085158151
DALBHARAT.NS,61.351395,1.9779234,2.4383051,13.241,4.242409604691723,0.7688564476885644,0.12408759124087591,0.30656934306569344,0.2360097323600973,0.12895377128953772,0.31289537712895377
DEEPAKNTR.NS,35.084576,5.1696873,3.1973853,24.491,13.603338934726262,0.4306569343065693,0.45012165450121655,0.4257907542579075,0.5036496350364964,0.6326034063260341,0.4885644768856448
DELHIVERY.NS,995.3846,2.0357275,2.1887405,147.465,2.4072885790841454,1.0,0.1362530413625304,0.2822384428223844,0.9781021897810219,0.046228710462287104,0.4885644768856447
DIVISLAB.NS,70.41934,10.617345,16.03356,50.132,27.23639959315216,0.8272506082725061,0.7639902676399026,0.9513381995133819,0.8856447688564477,0.9318734793187348,0.8720194647201946
DIXON.NS,92.58968,33.392853,2.3814745,54.599,23.990784415992543,0.8978102189781022,0.9732360097323601,0.291970802919708,0.9148418491484185,0.9075425790754258,0.7970802919708029
DEVYANI.NS,968.53326,15.017573,3.6624954,38.848,8.203611447090937,0.9951338199513382,0.8880778588807786,0.45985401459854014,0.781021897810219,0.39172749391727496,0.7031630170316302
LALPATHLAB.NS,50.253693,10.462901,8.721813,31.909,14.469448708046244,0.6642335766423357,0.7493917274939172,0.7980535279805353,0.6520681265206812,0.656934306569343,0.7041362530413625
EASEMYTRIP.NS,57.2381,6.2279797,6.9620895,22.534,9.73807947506852,0.7372262773722628,0.537712895377129,0.7128953771289538,0.44038929440389296,0.4768856447688564,0.581021897810219
EIHOTEL.NS,32.246696,5.5871034,8.367358,21.551,12.18196856097919,0.3722627737226277,0.4793187347931874,0.7664233576642335,0.4282238442822384,0.583941605839416,0.5260340632603405
DRREDDY.NS,17.240602,2.910489,2.9705818,10.75,4.980988498689444,0.15085158150851583,0.24574209245742093,0.39659367396593675,0.15815085158150852,0.1897810218978102,0.22822384428223846
EIDPARRY.NS,16.862272,1.8412256,0.45102605,6.271,2.3699275249232894,0.1435523114355231,0.09732360097323602,0.021897810218978103,0.058394160583941604,0.038929440389294405,0.07201946472019465
ELGIEQUIP.NS,43.652344,8.208612,4.181781,29.303,8.194040979800505,0.5620437956204379,0.6788321167883211,0.5158150851581509,0.6155717761557178,0.38929440389294406,0.5523114355231143
EMAMILTD.NS,32.571426,9.847503,6.9246573,26.033,10.02593847140102,0.3844282238442822,0.732360097323601,0.708029197080292,0.5304136253041363,0.49148418491484186,0.5693430656934306
EICHERMOT.NS,32.46659,7.577691,7.716416,27.55,15.984045951985406,0.3819951338199513,0.6423357664233577,0.7372262773722628,0.5766423357664233,0.7153284671532847,0.6107055961070559
EMCURE.NS,30.76971,4.5159345,2.477723,15.192,4.344518317970862,0.34793187347931875,0.40145985401459855,0.31873479318734793,0.2725060827250608,0.1411192214111922,0.29635036496350364
ELECON.NS,26.175407,5.553069,4.8891644,19.501,10.076146980934574,0.2846715328467153,0.4768856447688564,0.5863746958637469,0.38686131386861317,0.49391727493917276,0.4457420924574209
ENDURANCE.NS,32.2554,4.865673,2.2894628,17.174,5.296277125468112,0.3746958637469586,0.4209245742092457,0.2871046228710462,0.3236009732360097,0.20924574209245742,0.32311435523114357
ENGINERSIN.NS,22.016237,3.8446996,3.1723971,26.988,14.32670075826474,0.22871046228710462,0.3333333333333333,0.41849148418491483,0.5547445255474452,0.6496350364963503,0.43698296836982975
NYKAA.NS,982.1111,34.009235,6.6917787,189.41,15.997472218864466,0.9975669099756691,0.975669099756691,0.6861313868613139,0.9829683698296837,0.7177615571776156,0.8720194647201946
ESCORTS.NS,28.654367,3.5343804,3.8018386,26.6,11.227715094853425,0.31873479318734793,0.30656934306569344,0.4768856447688564,0.537712895377129,0.5450121654501217,0.43698296836982975
EXIDEIND.NS,39.056805,2.2411652,1.813962,18.012,5.815309007590639,0.49148418491484186,0.16058394160583941,0.21897810218978103,0.35279805352798055,0.2384428223844282,0.2924574209245742
ERIS.NS,54.644337,6.4881883,6.604888,24.841,10.199707771096367,0.7153284671532847,0.559610705596107,0.683698296836983,0.5085158150851582,0.5036496350364964,0.5941605839416059
FINEORG.NS,29.673735,5.9923744,5.758812,21.654,12.679532746083693,0.340632603406326,0.5182481751824818,0.610705596107056,0.4306569343065693,0.5985401459854015,0.4997566909975669
FSL.NS,40.16109,5.7166543,2.9846787,26.623,8.932655851162416,0.51338199513382,0.48905109489051096,0.40145985401459855,0.5401459854014599,0.44038929440389296,0.4768856447688565
GRINFRA.NS,8.642976,1.2658188,1.3236473,8.55,5.618246821803656,0.0364963503649635,0.043795620437956206,0.13381995133819952,0.09245742092457421,0.22871046228710462,0.10705596107055962
FINPIPE.NS,13.664093,1.6066353,2.6015594,16.986,6.15385726826938,0.09245742092457421,0.07785888077858881,0.340632603406326,0.31873479318734793,0.2725060827250608,0.2204379562043796
GVT&D.NS,91.01233,26.082348,8.859463,50.954,23.46085491989277,0.8905109489051095,0.9562043795620438,0.8102189781021898,0.8905109489051095,0.8978102189781022,0.889051094890511
GAIL.NS,9.339503,1.3844165,0.84080756,8.76,5.0846058157388985,0.043795620437956206,0.046228710462287104,0.0705596107055961,0.10218978102189781,0.19708029197080293,0.09197080291970802
FORTIS.NS,63.67157,6.241051,6.4843225,35.389,17.671996124690754,0.7834549878345499,0.5401459854014599,0.6715328467153284,0.7274939172749392,0.781021897810219,0.7007299270072993
FINCABLES.NS,19.304396,2.5867221,2.620982,20.303,10.724087744140174,0.18491484184914841,0.20681265206812652,0.34306569343065696,0.41119221411192214,0.5255474452554745,0.3343065693430657
GRSE.NS,47.39861,10.168733,4.212497,51.636,20.32375063126896,0.6253041362530414,0.7396593673965937,0.5231143552311436,0.8929440389294404,0.8467153284671532,0.7255474452554744
GICRE.NS,9.461574,0.78612936,1.5471485,4.951,4.784263622869701,0.046228710462287104,0.009732360097323601,0.17274939172749393,0.031630170316301706,0.1678832116788321,0.0856447688564477
GLAND.NS,34.48328,2.7638323,4.241377,15.983,6.876892328800291,0.40875912408759124,0.22871046228710462,0.5279805352798054,0.291970802919708,0.31630170316301703,0.35474452554744523
GLAXO.NS,54.04992,28.186804,12.526072,41.256,19.45099212587381,0.6982968369829684,0.9659367396593674,0.902676399026764,0.8102189781021898,0.8248175182481752,0.840389294403893
GILLETTE.NS,54.643913,23.904762,9.281412,35.377,15.50734124250491,0.7128953771289538,0.9464720194647201,0.8394160583941606,0.7250608272506083,0.6958637469586375,0.7839416058394161
GPIL.NS,15.700702,2.721206,2.3949757,9.572,4.859825269545106,0.11435523114355231,0.21897810218978103,0.29683698296836986,0.12408759124087591,0.17518248175182483,0.18588807785888078
GODIGIT.NS,166.69643,5.5358973,2.8669856,63.739,19.61464627277203,0.9635036496350365,0.4720194647201946,0.3819951338199513,0.9343065693430657,0.8321167883211679,0.7167883211678832
GODFRYPHLP.NS,34.364357,7.348204,6.771893,33.154,16.00031117181395,0.40632603406326034,0.6277372262773723,0.6982968369829684,0.681265206812652,0.7201946472019465,0.62676399026764
MEDANTA.NS,65.370766,10.555393,9.28622,40.53,17.883729484132346,0.7980535279805353,0.7591240875912408,0.8418491484184915,0.805352798053528,0.7858880778588808,0.7980535279805354
GODREJAGRO.NS,34.127426,5.998004,1.5168947,20.164,6.9035195843556565,0.40389294403892945,0.5206812652068127,0.1630170316301703,0.40632603406326034,0.31873479318734793,0.36253041362530414
GODREJPROP.NS,38.907806,5.2999215,14.733996,958.887,36.60402060893881,0.48661800486618007,0.45985401459854014,0.9391727493917275,0.9902676399026764,0.9683698296836983,0.7688564476885644
GRASIM.NS,45.04131,1.8738922,1.2274936,13.662,4.456765741940276,0.583941605839416,0.1070559610705596,0.12408759124087591,0.24330900243309003,0.15085158150851583,0.24184914841849148
GODREJIND.NS,74.6473,4.2812777,1.818834,19.997,8.841919428803068,0.851581508515815,0.3844282238442822,0.22141119221411193,0.39416058394160586,0.43309002433090027,0.45693430656934303
GRANULES.NS,23.150026,3.2315238,2.486372,12.622,4.60978118329704,0.24087591240875914,0.2846715328467153,0.32116788321167883,0.21654501216545013,0.16058394160583941,0.2447688564476886
GESHIP.NS,4.4943485,0.9587715,2.312605,2.72,2.3892745396594144,0.0072992700729927005,0.0267639902676399,0.2895377128953771,0.019464720194647202,0.043795620437956206,0.07737226277372262
GAEL.NS,17.343752,1.8456057,1.1392487,10.218,3.683272698848904,0.15328467153284672,0.09975669099756691,0.10462287104622871,0.145985401459854,0.1070559610705596,0.12214111922141117
FLUOROCHEM.NS,92.5867,6.8943872,9.093443,44.369,19.52510733018148,0.8953771289537713,0.5888077858880778,0.8321167883211679,0.8467153284671532,0.8272506082725061,0.7980535279805352
GRINDWELL.NS,48.083633,8.598605,6.33562,37.88,12.109775950553672,0.6277372262773723,0.6934306569343066,0.6593673965936739,0.7712895377128953,0.5742092457420924,0.6652068126520682
GRAPHITE.NS,21.928701,1.6034435,3.586554,30.748,4.957215676660804,0.22627737226277372,0.07542579075425791,0.45012165450121655,0.6301703163017032,0.18491484184914841,0.31338199513382
GMDCLTD.NS,13.021479,1.4006336,3.0819013,12.588,3.547421713072956,0.08029197080291971,0.04866180048661801,0.41119221411192214,0.2116788321167883,0.0948905109489051,0.16934306569343066
GNFC.NS,14.025399,0.8633623,0.9099277,7.73,3.0080660077773502,0.09732360097323602,0.019464720194647202,0.0827250608272506,0.0851581508515815,0.06569343065693431,0.07007299270072993
GSFC.NS,13.109971,0.5305602,0.74785495,7.648,2.158839583650777,0.0827250608272506,0.0072992700729927005,0.051094890510948905,0.08029197080291971,0.0267639902676399,0.049635036496350364
GUJGASLTD.NS,21.506773,3.4286404,1.6541818,12.838,7.625850974767271,0.21897810218978103,0.291970802919708,0.17761557177615572,0.23114355231143552,0.36009732360097324,0.2559610705596107
GPPL.NS,19.131035,2.8942864,6.7560434,10.12,8.296107873840208,0.17761557177615572,0.24330900243309003,0.6934306569343066,0.1435523114355231,0.40145985401459855,0.33187347931873484
HBLENGINE.NS,45.231525,10.315381,6.706608,32.388,16.208422948651794,0.5888077858880778,0.7445255474452555,0.6909975669099757,0.656934306569343,0.732360097323601,0.6827250608272506
HDFCAMC.NS,35.46024,12.283113,21.494055,26.504,23.868893679971,0.43309002433090027,0.8321167883211679,0.9683698296836983,0.5352798053527981,0.9051094890510949,0.734793187347932
HCLTECH.NS,22.62329,472.45847,279.86313,1376.128,798.7931937342329,0.23357664233576642,0.9975669099756691,0.9951338199513382,0.9975669099756691,0.9975669099756691,0.8442822384428224
HEG.NS,41.31419,2.0626485,4.2325377,31.862,7.99262283948971,0.5352798053527981,0.1386861313868613,0.5255474452554745,0.6496350364963503,0.3771289537712895,0.4452554744525547
GSPL.NS,11.977273,1.4621536,0.92888385,5.429,3.553638745624849,0.0681265206812652,0.05596107055961071,0.08759124087591241,0.0364963503649635,0.09732360097323602,0.06909975669099758
HFCL.NS,31.043139,2.7363546,2.4879766,19.1,9.134744917293595,0.35279805352798055,0.22141119221411193,0.3236009732360097,0.3722627737226277,0.45498783454987834,0.34501216545012164
HDFCLIFE.NS,84.754,9.370367,1.4676714,112.818,18.29773490961245,0.8832116788321168,0.7177615571776156,0.15571776155717762,0.975669099756691,0.8029197080291971,0.7070559610705597
HINDALCO.NS,9.616125,1.1575857,0.5801198,6.006,2.387814681079496,0.04866180048661801,0.0340632603406326,0.0413625304136253,0.0535279805352798,0.0413625304136253,0.043795620437956206
HEROMOTOCO.NS,17.636398,3.8493338,1.803981,11.707,4.881116928396315,0.15571776155717762,0.3381995133819951,0.21654501216545013,0.1922141119221411,0.17761557177615572,0.21605839416058395
HSCL.NS,41.491394,6.2836623,4.6317115,26.912,15.542882910633296,0.5401459854014599,0.5450121654501217,0.5571776155717761,0.5498783454987834,0.6982968369829684,0.5781021897810219
HINDCOPPER.NS,49.216866,8.20314,10.368626,27.081,10.112595592588104,0.656934306569343,0.6763990267639902,0.8710462287104623,0.5571776155717761,0.49635036496350365,0.6515815085158151
HAVELLS.NS,65.797134,11.814301,4.455732,46.965,13.202796553484491,0.8029197080291971,0.8199513381995134,0.5474452554744526,0.8613138686131386,0.6228710462287105,0.7309002433090025
HAL.NS,32.573383,9.085123,8.845608,29.034,13.384941120855489,0.38686131386861317,0.708029197080292,0.8077858880778589,0.6058394160583942,0.6277372262773723,0.6272506082725061
HINDPETRO.NS,12.640212,1.6625916,0.17447782,8.723,4.209241946932144,0.07542579075425791,0.08759124087591241,0.0072992700729927005,0.09732360097323602,0.12165450121654502,0.07785888077858881
HINDUNILVR.NS,49.018345,10.383936,8.416355,36.392,16.024544983237696,0.6520681265206812,0.7469586374695864,0.7737226277372263,0.7493917274939172,0.7250608272506083,0.7294403892944039
HONASA.NS,97.17427,6.7822185,3.8083038,183.078,5.064598310572864,0.9099756690997567,0.5766423357664233,0.4793187347931874,0.9805352798053528,0.19464720194647203,0.6282238442822384
HINDZINC.NS,19.231981,23.662918,5.6930842,11.424,8.261660217832693,0.18004866180048662,0.9440389294403893,0.6009732360097324,0.18248175182481752,0.39902676399026765,0.46131386861313867
POWERINDIA.NS,163.93953,36.616024,8.718101,98.605,23.15867036399808,0.9610705596107056,0.9781021897810219,0.7956204379562044,0.9732360097323601,0.8856447688564477,0.9187347931873479
HONAUT.NS,55.865513,7.883264,7.3970737,46.451,16.76402647983516,0.7274939172749392,0.6520681265206812,0.732360097323601,0.8540145985401459,0.7469586374695864,0.7425790754257908
ICICIGI.NS,36.228714,6.25669,3.8944337,26.821,14.916182289962151,0.45742092457420924,0.5425790754257908,0.49148418491484186,0.5450121654501217,0.6666666666666666,0.540632603406326
ICICIPRULI.NS,82.611275,6.9129057,1.0332035,57.464,13.059618277666726,0.8759124087591241,0.5936739659367397,0.09732360097323602,0.9197080291970803,0.6131386861313869,0.6199513381995134
INOXINDIA.NS,43.67038,11.859774,7.3483915,34.357,12.631077368592504,0.5644768856447688,0.8223844282238443,0.7250608272506083,0.7055961070559611,0.5961070559610706,0.6827250608272506
IRB.NS,4.2581854,1.9188938,3.6528676,12.447,10.29174862571874,0.004866180048661801,0.11192214111922141,0.45742092457420924,0.20924574209245742,0.5085158150851582,0.2583941605839416
IRCON.NS,19.013563,2.3472106,1.3242385,17.788,11.418648269124006,0.17518248175182483,0.170316301703163,0.1362530413625304,0.34793187347931875,0.5498783454987834,0.2759124087591241
ITC.NS,25.447205,6.811532,6.6980386,18.635,11.06979681787085,0.2725060827250608,0.5790754257907542,0.6885644768856448,0.36496350364963503,0.5352798053527981,0.4880778588807786
INDGN.NS,34.60748,5.6204276,4.821053,23.635,4.40959027854743,0.41605839416058393,0.48175182481751827,0.583941605839416,0.4720194647201946,0.145985401459854,0.41995133819951336
INDHOTEL.NS,62.891422,11.220522,14.247307,43.653,22.80975414434767,0.7737226277372263,0.8004866180048662,0.9294403892944039,0.8394160583941606,0.8807785888077859,0.8447688564476886
IOC.NS,16.857513,1.0140252,0.24133499,9.453,3.625978492721477,0.1386861313868613,0.029197080291970802,0.012165450121654502,0.1192214111922141,0.10218978102189781,0.0802919708029197
IRCTC.NS,46.070965,16.207443,12.506339,36.558,31.65746244243244,0.6034063260340633,0.9148418491484185,0.9002433090024331,0.7518248175182481,0.9562043795620438,0.8253041362530414
IEX.NS,38.893246,15.176401,25.127115,27.504,23.392204089211127,0.48175182481751827,0.8953771289537713,0.9781021897810219,0.5717761557177615,0.8929440389294404,0.7639902676399027
INDIACEM.NS,1.8335205,1.5489452,2.0013216,-29.599,7.117066155236382,0.0024330900243309003,0.0681265206812652,0.25790754257907544,0.0170316301703163,0.3381995133819951,0.13673965936739657
INDIAMART.NS,26.525055,6.608228,9.213937,20.717,13.375512085116457,0.2944038929440389,0.5644768856447688,0.8369829683698297,0.4209245742092457,0.6253041362530414,0.548418491484185
IGL.NS,16.341583,2.6231377,1.908305,12.78,7.07785734924209,0.12408759124087591,0.2116788321167883,0.2360097323600973,0.22871046228710462,0.3309002433090024,0.22627737226277372
INDUSTOWER.NS,9.644195,2.9380364,3.2131138,6.341,7.113479829049688,0.051094890510948905,0.25304136253041365,0.4282238442822384,0.06326034063260341,0.3357664233576642,0.22627737226277372
INOXWIND.NS,65.468094,7.5449953,7.145236,41.754,23.17473346482292,0.8004866180048662,0.6399026763990268,0.7201946472019465,0.8175182481751825,0.8880778588807786,0.7732360097323601
INFY.NS,21.45824,583.46063,324.40945,1362.254,1060.7601217594945,0.21654501216545013,1.0,0.9975669099756691,0.9951338199513382,1.0,0.8418491484184916
INTELLECT.NS,35.585445,3.592977,3.9107063,26.764,9.948551385616218,0.43795620437956206,0.31630170316301703,0.49391727493917276,0.5425790754257908,0.48661800486618007,0.4554744525547445
INDIGO.NS,32.36164,51.80387,2.576398,21.38,8.990367002179612,0.3795620437956204,0.9927007299270073,0.3357664233576642,0.4257907542579075,0.44282238442822386,0.5153284671532847
NAUKRI.NS,149.24405,1.9779203,30.013367,87.722,54.54603955035005,0.9513381995133819,0.12165450121654502,0.9854014598540146,0.9586374695863747,0.9854014598540146,0.8004866180048662
IPCALAB.NS,48.788353,5.2953153,4.0703588,23.387,6.5307787567749775,0.6496350364963503,0.45742092457420924,0.5085158150851582,0.46472019464720193,0.2895377128953771,0.47396593673965937
JBCHEPHARM.NS,38.024612,7.3944154,6.215913,23.758,9.36546658336903,0.4768856447688564,0.6326034063260341,0.6472019464720195,0.4793187347931874,0.46228710462287104,0.5396593673965937
JKCEMENT.NS,53.190556,6.9301157,3.357151,23.404,6.153591341259659,0.6885644768856448,0.5985401459854015,0.44038929440389296,0.46715328467153283,0.27007299270072993,0.49294403892944044
JBMA.NS,75.16729,11.638749,2.7068267,25.006,10.38640836865517,0.8540145985401459,0.8175182481751825,0.35766423357664234,0.5145985401459854,0.51338199513382,0.6114355231143553
JKLAKSHMI.NS,34.122845,2.8628826,1.5331758,14.191,3.487510098673752,0.39902676399026765,0.2384428223844282,0.1678832116788321,0.26034063260340634,0.09002433090024331,0.23114355231143552
JSWENERGY.NS,46.078255,3.1526062,7.812626,21.844,17.51461347888792,0.6058394160583942,0.2798053527980535,0.7420924574209246,0.43795620437956206,0.7712895377128953,0.5673965936739659
JKTYRE.NS,13.510432,1.621724,0.5219997,7.276,2.179117910805013,0.09002433090024331,0.0827250608272506,0.0340632603406326,0.0681265206812652,0.029197080291970802,0.06082725060827251
JSWSTEEL.NS,74.610535,3.078993,1.443268,14.789,5.046168858657257,0.8491484184914841,0.27007299270072993,0.14841849148418493,0.27007299270072993,0.1922141119221411,0.345985401459854
JSWINFRA.NS,48.529873,7.486962,14.886999,31.0,26.651428463215503,0.6326034063260341,0.6374695863746959,0.9416058394160584,0.6399026763990268,0.9245742092457421,0.7552311435523114
JSL.NS,18.829353,2.9397347,1.177894,11.21,4.2399614016715255,0.17274939172749393,0.25547445255474455,0.11192214111922141,0.17761557177615572,0.12652068126520682,0.16885644768856448
JINDALSAW.NS,8.561352,1.5222845,0.78396386,5.888,2.290559192537537,0.0340632603406326,0.06326034063260341,0.058394160583941604,0.051094890510948905,0.031630170316301706,0.047688564476885645
JUBLINGREA.NS,48.770115,3.5758028,2.3953922,23.343,5.121503904296145,0.6447688564476886,0.31386861313868614,0.29927007299270075,0.46228710462287104,0.20194647201946472,0.38442822384428227
JINDALSTEL.NS,15.2676,1.8208494,1.7178651,10.54,3.779579960345086,0.10948905109489052,0.0948905109489051,0.1873479318734793,0.15328467153284672,0.10948905109489052,0.13090024330900243
JPPOWER.NS,10.342658,1.5700637,1.8008837,9.112,7.952290295008834,0.0535279805352798,0.0705596107055961,0.2141119221411192,0.11435523114355231,0.3746958637469586,0.1654501216545012
JUBLFOOD.NS,116.36986,20.452015,5.870835,46.963,12.091938236959708,0.9318734793187348,0.9391727493917275,0.6155717761557178,0.8588807785888077,0.5717761557177615,0.7834549878345499
JUBLPHARMA.NS,23.530006,2.4852762,2.083469,16.728,3.604416229009813,0.24574209245742093,0.1897810218978102,0.26763990267639903,0.30656934306569344,0.09975669099756691,0.2218978102189781
JWL.NS,40.17429,6.1080837,3.880747,27.092,15.790625732072792,0.5158150851581509,0.5304136253041363,0.48905109489051096,0.559610705596107,0.7031630170316302,0.559610705596107
JYOTHYLAB.NS,32.679806,6.456071,4.2917,24.389,8.311997796339888,0.38929440389294406,0.5547445255474452,0.5328467153284672,0.49635036496350365,0.40389294403892945,0.4754257907542579
JYOTICNC.NS,75.75926,15.598072,13.745602,53.096,27.543842746961577,0.8588807785888077,0.9075425790754258,0.9221411192214112,0.902676399026764,0.9343065693430657,0.9051094890510949
JUSTDIAL.NS,12.870022,1.6167089,6.2255726,7.43,5.09895322726242,0.07785888077858881,0.08029197080291971,0.6520681265206812,0.07542579075425791,0.19951338199513383,0.2170316301703163
KPRMILL.NS,39.684647,6.9806147,5.1762285,25.399,13.842381378235787,0.5085158150851582,0.6058394160583942,0.5912408759124088,0.5231143552311436,0.6399026763990268,0.5737226277372264
KNRCON.NS,5.178852,1.5124365,1.2106651,4.493,3.347701286198084,0.009732360097323601,0.06082725060827251,0.11678832116788321,0.0267639902676399,0.0851581508515815,0.05985401459854014
KAJARIACER.NS,36.102875,4.744545,2.7272153,20.376,4.896668211478614,0.45255474452554745,0.41362530413625304,0.36739659367396593,0.41362530413625304,0.18248175182481752,0.3659367396593674
KEI.NS,37.593803,6.906916,2.7693093,26.46,11.471669597382776,0.4720194647201946,0.5912408759124088,0.3746958637469586,0.5328467153284672,0.5523114355231143,0.5046228710462287
KSB.NS,48.53066,8.081419,4.731435,34.62,10.516785259266026,0.635036496350365,0.6666666666666666,0.5742092457420924,0.708029197080292,0.5206812652068127,0.6209245742092457
KPIL.NS,28.901646,2.911802,0.7499574,10.509,3.425754781017268,0.3284671532846715,0.24817518248175183,0.0535279805352798,0.14841849148418493,0.08759124087591241,0.1732360097323601
KPITTECH.NS,40.820732,12.304287,5.4689245,28.76,15.45970993417911,0.5279805352798054,0.8345498783454988,0.5961070559610706,0.6009732360097324,0.6885644768856448,0.6496350364963503
KAYNES.NS,114.950554,11.4823675,12.548613,88.863,44.34387316934121,0.9294403892944039,0.8077858880778589,0.9051094890510949,0.9635036496350365,0.9781021897810219,0.9167883211678832
KIRLOSBROS.NS,31.345266,7.2737393,3.0415583,21.824,5.711273132041955,0.36009732360097324,0.6253041362530414,0.40632603406326034,0.43552311435523117,0.23357664233576642,0.4121654501216545
KALYANKJIL.NS,75.762054,11.49264,2.1452026,42.4,17.536705719486108,0.8613138686131386,0.8102189781021898,0.2749391727493917,0.829683698296837,0.7761557177615572,0.7104622871046228
KIMS.NS,68.035515,12.998709,8.27532,35.793,14.766243294462903,0.8126520681265207,0.8491484184914841,0.7639902676399026,0.7372262773722628,0.6618004866180048,0.7649635036496351
KIRLOSENG.NS,20.748924,3.6002169,1.678637,12.734,5.508438180118136,0.20194647201946472,0.31873479318734793,0.18248175182481752,0.22627737226277372,0.21897810218978103,0.22968369829683696
KEC.NS,39.371788,3.5076652,0.870338,16.489,4.487630173788147,0.49878345498783455,0.30170316301703165,0.072992700729927,0.29927007299270075,0.15571776155717762,0.26569343065693435
KANSAINER.NS,16.869015,3.4303305,2.4905112,19.952,6.706745225386246,0.145985401459854,0.2944038929440389,0.3260340632603406,0.39172749391727496,0.30413625304136255,0.29245742092457416
KFINTECH.NS,55.5496,14.607597,16.687275,37.973,25.57352098242364,0.7250608272506083,0.878345498783455,0.9537712895377128,0.7737226277372263,0.9221411192214112,0.8506082725060826
LT.NS,32.25955,5.024389,1.776486,18.667,5.893270793311316,0.3771289537712895,0.43552311435523117,0.20681265206812652,0.36739659367396593,0.24817518248175183,0.32700729927007294
LATENTVIEW.NS,45.480648,5.3367906,9.550117,44.379,26.75912157996239,0.5936739659367397,0.46228710462287104,0.8491484184914841,0.8491484184914841,0.927007299270073,0.7362530413625303
LAURUSLABS.NS,154.00804,7.4511967,5.8743396,38.951,12.28282628387165,0.9562043795620438,0.635036496350365,0.6204379562043796,0.7834549878345499,0.5863746958637469,0.716301703163017
LEMONTREE.NS,60.54425,10.661525,8.772127,24.015,15.802340554151511,0.7639902676399026,0.7737226277372263,0.8029197080291971,0.48905109489051096,0.7055961070559611,0.7070559610705596
LINDEINDIA.NS,112.35893,13.777373,19.745462,66.977,37.254789268561886,0.927007299270073,0.8686131386861314,0.9610705596107056,0.9391727493917275,0.9708029197080292,0.9333333333333332
LTIM.NS,26.881458,5.755696,3.3000948,19.256,11.118942941863429,0.30170316301703165,0.49391727493917276,0.43309002433090027,0.3771289537712895,0.5401459854014599,0.4291970802919708
LICI.NS,11.628743,5.131602,0.56567025,8.745,5.314354721794499,0.058394160583941604,0.44282238442822386,0.0364963503649635,0.09975669099756691,0.2116788321167883,0.16982968369829682
LTTS.NS,34.965645,8.0491295,4.4243884,24.515,9.00036998328508,0.4257907542579075,0.6642335766423357,0.5401459854014599,0.5060827250608273,0.44525547445255476,0.516301703163017
LLOYDSME.NS,44.246967,11.203383,9.16188,29.829,23.440943993155862,0.5693430656934306,0.7980535279805353,0.8345498783454988,0.6228710462287105,0.8953771289537713,0.7440389294403893
MMTC.NS,50.539215,4.4994326,2494.355,-56.745,-2861.573299020979,0.6666666666666666,0.39902676399026765,1.0,0.009732360097323601,0.0024330900243309003,0.41557177615571783
MGL.NS,12.562772,2.3777153,1.9019475,7.718,4.618472942603915,0.072992700729927,0.17518248175182483,0.23357664233576642,0.0827250608272506,0.1630170316301703,0.14549878345498785
MAHSEAMLES.NS,11.86153,1.5755842,1.8498979,8.557,4.254825991030741,0.06569343065693431,0.072992700729927,0.22871046228710462,0.0948905109489051,0.13381995133819952,0.11922141119221412
MRF.NS,27.397253,2.7181966,1.7506981,12.658,4.881780453372489,0.30900243309002434,0.21654501216545013,0.19708029197080293,0.21897810218978103,0.18004866180048662,0.224330900243309
LODHA.NS,46.72932,6.461595,8.678395,33.255,23.49681933006729,0.6155717761557178,0.5571776155717761,0.7907542579075426,0.683698296836983,0.9002433090024331,0.7094890510948906
MAHLIFE.NS,98.12092,2.553407,12.353201,-30.076,144.8458291599131,0.9124087591240876,0.20194647201946472,0.8978102189781022,0.014598540145985401,0.9951338199513382,0.6043795620437956
M&M.NS,23.474821,4.1075163,2.0289528,13.883,6.284681353096468,0.24330900243309003,0.3722627737226277,0.26034063260340634,0.24817518248175183,0.2822384428223844,0.28126520681265205
LUPIN.NS,31.446236,5.7455134,4.090328,17.781,6.113740281355243,0.36496350364963503,0.49148418491484186,0.5109489051094891,0.3442822384428224,0.26520681265206814,0.3953771289537713
MFSL.NS,158.72617,7.782409,0.8171819,79.918,7.941662204875081,0.9586374695863747,0.6472019464720195,0.0681265206812652,0.9537712895377128,0.3722627737226277,0.6
MASTEK.NS,16.8353,2.8307517,1.948182,12.684,4.487047707970314,0.1362530413625304,0.2360097323600973,0.24574209245742093,0.22141119221411193,0.15328467153284672,0.19854014598540146
MANKIND.NS,48.309025,9.2946005,8.6874895,32.552,11.526802359713413,0.6301703163017032,0.7153284671532847,0.7931873479318735,0.6642335766423357,0.5571776155717761,0.6720194647201947
MARICO.NS,54.93106,18.879442,8.447423,42.204,16.712172956684743,0.7177615571776156,0.9343065693430657,0.7785888077858881,0.8248175182481752,0.7445255474452555,0.8
MARUTI.NS,24.814142,4.0503798,2.399227,17.277,8.190310865924019,0.26763990267639903,0.36496350364963503,0.30170316301703165,0.3260340632603406,0.38686131386861317,0.3294403892944039
MAZDOCK.NS,37.31396,14.070724,9.026157,36.288,21.30731332246682,0.46958637469586373,0.8734793187347932,0.8272506082725061,0.7469586374695864,0.8637469586374696,0.7562043795620438
MAXHEALTH.NS,109.91787,12.564055,16.906475,68.026,27.19798288456988,0.9245742092457421,0.8418491484184915,0.9562043795620438,0.9416058394160584,0.9294403892944039,0.9187347931873479
METROBRAND.NS,70.91029,14.7173605,11.890062,53.533,20.708136792624607,0.8321167883211679,0.8807785888077859,0.8880778588807786,0.9075425790754258,0.8491484184914841,0.8715328467153285
MRPL.NS,28.763325,1.9194922,0.24778827,10.03,6.038471666802615,0.3260340632603406,0.11435523114355231,0.014598540145985401,0.1411192214111922,0.26034063260340634,0.1712895377128954
MINDACORP.NS,45.239548,5.811754,2.4685988,23.776,6.80270201359135,0.5912408759124088,0.49878345498783455,0.31386861313868614,0.48175182481751827,0.30656934306569344,0.4384428223844282
MPHASIS.NS,25.774078,4.6595526,3.0373893,18.483,7.019714992477559,0.2773722627737226,0.40875912408759124,0.40389294403892945,0.36009732360097324,0.3236009732360097,0.35474452554744523
MCX.NS,49.99801,10.488735,23.663065,35.257,21.855535087720995,0.6618004866180048,0.7518248175182481,0.975669099756691,0.7177615571776156,0.8710462287104623,0.7956204379562044
MSUMI.NS,35.96504,14.2228985,2.5308616,25.108,7.535738138280235,0.44282238442822386,0.8759124087591241,0.3333333333333333,0.5182481751824818,0.35766423357664234,0.505596107055961
NBCC.NS,44.71892,9.60079,1.9645181,32.458,14.640712501071436,0.5766423357664233,0.7250608272506083,0.24817518248175183,0.6618004866180048,0.6593673965936739,0.5742092457420924
NCC.NS,16.134947,1.886956,0.57583505,7.312,4.252494340196684,0.12165450121654502,0.10948905109489052,0.038929440389294405,0.072992700729927,0.13138686131386862,0.09489051094890512
NATCOPHARM.NS,7.6507587,1.9961667,3.337805,5.572,3.278316659813361,0.0267639902676399,0.12895377128953772,0.43795620437956206,0.0413625304136253,0.07785888077858881,0.14257907542579076
METROPOLIS.NS,52.349762,6.7098236,6.0992017,33.61,7.757364353239686,0.6763990267639902,0.5742092457420924,0.6423357664233577,0.6861313868613139,0.36253041362530414,0.5883211678832116
NHPC.NS,36.104347,2.0888991,8.408769,19.44,12.947019437626082,0.45498783454987834,0.1411192214111922,0.7688564476885644,0.3844282238442822,0.6058394160583942,0.47104622871046226
NMDC.NS,8.822252,2.0151243,2.4461973,5.763,3.7860999214269353,0.0413625304136253,0.13138686131386862,0.31143552311435524,0.046228710462287104,0.11192214111922141,0.12846715328467154
NH.NS,43.47978,10.627871,6.328202,29.604,17.111406141125286,0.559610705596107,0.7664233576642335,0.656934306569343,0.6180048661800487,0.7615571776155717,0.6725060827250607
NETWEB.NS,82.63506,18.538902,8.490229,61.113,35.44070422844658,0.878345498783455,0.9318734793187348,0.781021897810219,0.927007299270073,0.9659367396593674,0.8968369829683699
NESTLEIND.NS,73.518036,55.87073,10.953804,49.445,19.611280071848043,0.8394160583941606,0.9951338199513382,0.8807785888077859,0.8807785888077859,0.829683698296837,0.8851581508515813
NTPC.NS,16.343283,2.0191891,1.8280514,10.957,7.342899570480028,0.12652068126520682,0.13381995133819952,0.22384428223844283,0.170316301703163,0.35279805352798055,0.2014598540145985
NATIONALUM.NS,6.895496,1.8498967,1.9182689,4.259,2.470333707468273,0.0170316301703163,0.10218978102189781,0.24087591240875914,0.024330900243309004,0.051094890510948905,0.08710462287104623
NLCINDIA.NS,13.890065,1.7123249,2.1769996,11.651,4.316243781562148,0.0948905109489051,0.09002433090024331,0.2798053527980535,0.1897810218978102,0.1362530413625304,0.15815085158150852
NAVINFLUOR.NS,76.33883,8.175936,8.971277,43.897,17.426369419428912,0.8637469586374696,0.6715328467153284,0.8199513381995134,0.8418491484184915,0.7688564476885644,0.7931873479318734
NEWGEN.NS,42.73528,9.923992,9.011421,35.452,17.04966703833129,0.5523114355231143,0.7372262773722628,0.8223844282238443,0.7299270072992701,0.7566909975669099,0.7197080291970803
ONGC.NS,7.288294,0.8066744,0.4716277,5.457,3.965480087539919,0.024330900243309004,0.012165450121654502,0.029197080291970802,0.038929440389294405,0.11678832116788321,0.044282238442822384
OIL.NS,7.8869047,1.1042655,1.7702653,6.693,3.309736669582101,0.029197080291970802,0.031630170316301706,0.20437956204379562,0.06569343065693431,0.0827250608272506,0.08272506082725062
NAM-INDIA.NS,27.1714,8.7807865,14.375453,20.849,17.065549505974985,0.30656934306569344,0.7007299270072993,0.9318734793187348,0.4233576642335766,0.7591240875912408,0.6243309002433091
OBEROIRLTY.NS,21.833286,3.8097436,10.359293,17.331,15.815716991860585,0.22384428223844283,0.3309002433090024,0.8686131386861314,0.3284671532846715,0.708029197080292,0.491970802919708
OLECTRA.NS,70.90286,9.527674,5.6946507,39.0,22.008412524261203,0.829683698296837,0.7201946472019465,0.6034063260340633,0.7858880778588808,0.8734793187347932,0.7625304136253042
POLICYBZR.NS,285.96957,11.142716,15.110563,-879.824,24.59170637989778,0.9829683698296837,0.7956204379562044,0.9440389294403893,0.0024330900243309003,0.9172749391727494,0.7284671532846716
OFSS.NS,28.653522,8.521544,9.646375,19.869,16.639057332740485,0.31630170316301703,0.6909975669099757,0.8540145985401459,0.38929440389294406,0.7396593673965937,0.5980535279805352
PCBL.NS,35.979645,4.1968,1.9418962,17.115,8.073118067607227,0.44768856447688565,0.3795620437956204,0.24330900243309003,0.32116788321167883,0.3795620437956204,0.3542579075425791
PTCIL.NS,384.64597,14.990835,80.00937,293.638,98.73884609128018,0.9854014598540146,0.8856447688564477,0.9902676399026764,0.9854014598540146,0.9927007299270073,0.9678832116788321
PIIND.NS,29.586382,5.2675524,6.3411846,21.688,11.201293171094893,0.3357664233576642,0.45498783454987834,0.6618004866180048,0.43309002433090027,0.5425790754257908,0.48564476885644775
PNCINFRA.NS,6.067314,1.1831661,0.8990064,5.785,2.4692590715727225,0.014598540145985401,0.038929440389294405,0.07785888077858881,0.04866180048661801,0.04866180048661801,0.045742092457420926
PATANJALI.NS,58.481354,6.1778827,2.053447,35.326,13.877334371009944,0.7493917274939172,0.5328467153284672,0.26277372262773724,0.7226277372262774,0.6423357664233577,0.5819951338199514
PAGEIND.NS,69.930084,31.670958,9.762852,48.887,17.666597967887004,0.8223844282238443,0.9708029197080292,0.8564476885644768,0.8759124087591241,0.7785888077858881,0.8608272506082726
PFIZER.NS,29.850647,4.9002576,8.218984,25.418,11.285715970033932,0.34306569343065696,0.4233576642335766,0.7615571776155717,0.5255474452554745,0.5474452554744526,0.5201946472019464
PIDILITIND.NS,75.19501,16.878426,11.4023,50.536,21.04103679300012,0.8564476885644768,0.9221411192214112,0.8856447688564477,0.8880778588807786,0.8564476885644768,0.8817518248175183
PHOENIXLTD.NS,54.343193,4.223041,14.038385,28.691,18.53128846007749,0.708029197080292,0.3819951338199513,0.9245742092457421,0.5985401459854015,0.8102189781021898,0.6846715328467152
PETRONET.NS,11.683127,2.2513163,0.812771,7.303,5.4013870516988165,0.06082725060827251,0.1630170316301703,0.06569343065693431,0.0705596107055961,0.21654501216545013,0.11532846715328468
PERSISTENT.NS,54.05664,11.604307,6.2781024,40.255,22.98055119467327,0.7031630170316302,0.8150851581508516,0.6545012165450121,0.8029197080291971,0.8832116788321168,0.7717761557177616
PPLPHARMA.NS,673.69696,3.7361567,3.2820601,23.085,5.914974793374259,0.9902676399026764,0.3284671532846715,0.4306569343065693,0.45498783454987834,0.25060827250608275,0.4909975669099757
POLYCAB.NS,41.32101,8.354797,3.6082134,27.964,14.336480825940512,0.537712895377129,0.683698296836983,0.45255474452554745,0.583941605839416,0.6520681265206812,0.5819951338199514
POLYMED.NS,64.09613,7.7429924,13.033035,46.828,18.49219327250356,0.7883211678832117,0.6447688564476886,0.9075425790754258,0.8564476885644768,0.8077858880778589,0.8009732360097324
PRAJIND.NS,34.60285,7.205361,2.76621,28.891,7.274396586189188,0.41362530413625304,0.6204379562043796,0.3722627737226277,0.6034063260340633,0.34793187347931875,0.47153284671532847
PRESTIGE.NS,79.36972,2.7845035,6.0795774,22.882,9.390396413337488,0.8710462287104623,0.23114355231143552,0.6399026763990268,0.45255474452554745,0.46472019464720193,0.5318734793187347
POWERGRID.NS,17.641056,2.9679074,6.0082235,9.967,8.766776566208163,0.15815085158150852,0.25790754257907544,0.6301703163017032,0.13381995133819952,0.4306569343065693,0.3221411192214112
QUESS.NS,26.177422,3.3417926,0.46914902,16.934,4.961654709092035,0.2871046228710462,0.2871046228710462,0.0267639902676399,0.31386861313868614,0.1873479318734793,0.2204379562043796
RRKABEL.NS,39.675884,5.1563587,1.4511689,28.3,8.591340390786073,0.5036496350364964,0.44768856447688565,0.15085158150851583,0.5888077858880778,0.4209245742092457,0.4223844282238443
PGHH.NS,63.290485,47.99767,10.515206,41.402,16.381817435228527,0.781021897810219,0.9902676399026764,0.8734793187347932,0.8126520681265207,0.7372262773722628,0.8389294403892945
RADICO.NS,102.02702,12.210264,6.7702966,52.478,16.838466960458323,0.9197080291970803,0.829683698296837,0.6958637469586375,0.8978102189781022,0.7493917274939172,0.8184914841849149
RITES.NS,28.31385,4.141283,4.768951,20.205,14.89703916699628,0.31143552311435524,0.3771289537712895,0.5815085158150851,0.40875912408759124,0.6642335766423357,0.4686131386861314
RAILTEL.NS,36.242386,5.0651116,3.181134,20.682,18.023545701021355,0.45985401459854014,0.43795620437956206,0.4233576642335766,0.41849148418491483,0.7907542579075426,0.5060827250608273
RAINBOW.NS,60.237183,10.650009,9.62717,34.219,13.657486273933554,0.7615571776155717,0.7712895377128953,0.851581508515815,0.7007299270072993,0.635036496350365,0.7440389294403893
RATNAMANI.NS,34.724068,5.631733,3.6936693,23.723,10.927099818878604,0.4233576642335766,0.48418491484184917,0.46472019464720193,0.4744525547445255,0.5328467153284672,0.4759124087591241
RAJESHEXPO.NS,149.10078,0.366251,0.01998798,27.255,9.619805308310749,0.948905109489051,0.0024330900243309003,0.0024330900243309003,0.5693430656934306,0.46958637469586373,0.39854014598540144
RKFORGE.NS,33.900513,4.479996,3.0578892,15.678,6.982696311864325,0.39659367396593675,0.39659367396593675,0.40875912408759124,0.2846715328467153,0.32116788321167883,0.3615571776155718
RCF.NS,25.693748,1.4734238,0.39850038,11.118,1.1339696344531918,0.2749391727493917,0.058394160583941604,0.019464720194647202,0.17518248175182483,0.0072992700729927005,0.10705596107055959
RVNL.NS,56.13782,8.283086,3.6144586,64.347,48.39047586066036,0.7299270072992701,0.681265206812652,0.45498783454987834,0.9367396593673966,0.9829683698296837,0.7571776155717762
REDINGTON.NS,13.242125,2.195809,0.17559245,8.817,3.2985269846781047,0.0851581508515815,0.15085158150851583,0.009732360097323601,0.10462287104622871,0.08029197080291971,0.08613138686131386
ROUTE.NS,16.862007,2.66785,1.3410208,10.787,7.769954917071842,0.1411192214111922,0.2141119221411192,0.1386861313868613,0.16058394160583941,0.36496350364963503,0.20389294403892944
RELIANCE.NS,23.584572,1.9893554,1.7346054,11.847,5.833599734790149,0.24817518248175183,0.12652068126520682,0.1897810218978102,0.19464720194647203,0.24087591240875914,0.2
RTNINDIA.NS,15.770116,3.9147804,0.8862227,64887.383,9.033495691027122,0.11678832116788321,0.34793187347931875,0.07542579075425791,1.0,0.45012165450121655,0.3980535279805353
SBILIFE.NS,62.89397,9.126452,1.1649165,54.159,18.08556596926061,0.7761557177615572,0.7104622871046229,0.10948905109489052,0.9099756690997567,0.7956204379562044,0.6603406326034064
RAYMOND.NS,5.756971,2.7519186,0.9590938,7.529,2.3568326354478204,0.012165450121654502,0.22384428223844283,0.09245742092457421,0.07785888077858881,0.0364963503649635,0.08856447688564478
SJVN.NS,35.546154,2.4913735,11.905908,24.854,19.221982916886173,0.43552311435523117,0.19464720194647203,0.8905109489051095,0.5109489051094891,0.8175182481751825,0.5698296836982968
SKFINDIA.NS,34.722656,8.104002,3.7947319,27.247,10.116031367939764,0.4209245742092457,0.6690997566909975,0.4744525547445255,0.5669099756690997,0.49878345498783455,0.5260340632603406
SRF.NS,73.52176,7.058825,6.066531,36.9,14.11950995752087,0.8418491484184915,0.6180048661800487,0.6374695863746959,0.754257907542579,0.6472019464720195,0.6997566909975668
MOTHERSON.NS,19.723051,2.4853716,0.7570011,9.053,1.999289223763544,0.1897810218978102,0.1922141119221411,0.05596107055961071,0.11192214111922141,0.021897810218978103,0.11435523114355231
SAPPHIRE.NS,475.8871,6.9888906,3.391042,33.771,7.033520566287429,0.9878345498783455,0.610705596107056,0.44282238442822386,0.6958637469586375,0.3260340632603406,0.6126520681265206
SCHNEIDER.NS,68.98454,37.39604,5.9264665,41.78,16.055100750770254,0.8199513381995134,0.9805352798053528,0.6228710462287105,0.8199513381995134,0.7274939172749392,0.7941605839416058
SCHAEFFLER.NS,52.08278,9.169203,5.9490366,32.945,15.483250211129556,0.6739659367396593,0.7128953771289538,0.6253041362530414,0.6763990267639902,0.6909975669099757,0.675912408759124
SAREGAMA.NS,48.55685,6.199901,8.05832,33.03,17.13842263661544,0.6423357664233577,0.5352798053527981,0.7518248175182481,0.6788321167883211,0.7639902676399026,0.6744525547445255
SHREECEM.NS,90.90895,5.154769,5.750715,35.737,9.128631179737956,0.8880778588807786,0.44525547445255476,0.6082725060827251,0.7347931873479319,0.45255474452554745,0.6257907542579075
SCI.NS,7.987464,0.9568035,1.3553808,5.054,4.838899913646643,0.031630170316301706,0.024330900243309004,0.1411192214111922,0.0340632603406326,0.170316301703163,0.0802919708029197
SANOFI.NS,44.05347,16.07458,6.876876,27.541,13.113714211007975,0.5669099756690997,0.9124087591240876,0.7031630170316302,0.5742092457420924,0.6180048661800487,0.6749391727493916
SONACOMS.NS,42.914547,4.797348,7.3586507,25.115,12.12060205155692,0.5547445255474452,0.41849148418491483,0.7299270072992701,0.5206812652068127,0.5766423357664233,0.5600973236009732
SHYAMMETL.NS,26.458076,2.3373928,1.6347989,12.403,6.14246700747479,0.291970802919708,0.1678832116788321,0.17518248175182483,0.20681265206812652,0.26763990267639903,0.2218978102189781
SIGNATURE.NS,185.24876,24.848736,5.8742805,1181.056,32.61573319789055,0.9708029197080292,0.948905109489051,0.6180048661800487,0.9927007299270073,0.9586374695863747,0.8978102189781023
SOLARINDS.NS,88.49859,26.20437,14.2348795,51.672,29.81345102502785,0.8856447688564477,0.9586374695863747,0.927007299270073,0.8953771289537713,0.9464720194647201,0.9226277372262774
SOBHA.NS,199.83221,3.4085348,3.5805197,47.158,9.965001612873015,0.975669099756691,0.2895377128953771,0.44768856447688565,0.8661800486618005,0.48905109489051096,0.613625304136253
SIEMENS.NS,65.36008,11.428336,7.9537473,56.006,23.22485933375063,0.7956204379562044,0.805352798053528,0.7469586374695864,0.9172749391727494,0.8905109489051095,0.8311435523114354
STARHEALTH.NS,26.248114,2.91526,1.30174,15.322,4.845855623174049,0.2895377128953771,0.25060827250608275,0.13138686131386862,0.2798053527980535,0.17274939172749393,0.22481751824817522
SONATSOFTW.NS,20.91412,5.942214,0.91713566,12.149,5.946906553122636,0.20924574209245742,0.51338199513382,0.0851581508515815,0.19708029197080293,0.25547445255474455,0.2520681265206813
SUMICHEM.NS,54.330746,10.310142,8.894983,42.111,20.876768697366213,0.7055961070559611,0.7420924574209246,0.8150851581508516,0.8223844282238443,0.8540145985401459,0.7878345498783454
SUNPHARMA.NS,35.842945,5.920421,7.9478607,26.828,9.740838980941232,0.44038929440389296,0.5109489051094891,0.7445255474452555,0.5474452554744526,0.4793187347931874,0.5445255474452555
SAIL.NS,20.736649,0.8076258,0.45993975,8.385,1.813458221692954,0.19951338199513383,0.014598540145985401,0.024330900243309004,0.09002433090024331,0.014598540145985401,0.06861313868613139
SUNDRMFAST.NS,33.78875,5.0990176,3.149079,20.484,5.663326349520827,0.39416058394160586,0.44038929440389296,0.41362530413625304,0.41605839416058393,0.23114355231143552,0.37907542579075426
SUNTV.NS,14.264772,2.2026968,6.1553774,10.625,7.150024255398604,0.09975669099756691,0.15328467153284672,0.6447688564476886,0.15571776155717762,0.34306569343065696,0.2793187347931873
SUPREMEIND.NS,40.81414,7.851129,3.9975886,27.684,12.355452102091862,0.5255474452554745,0.6496350364963503,0.5060827250608273,0.5790754257907542,0.5912408759124088,0.570316301703163
SWSOLAR.NS,143.14919,6.3045964,1.2197695,47.452,12.303137534968252,0.9440389294403893,0.5474452554744526,0.1192214111922141,0.8710462287104623,0.5888077858880778,0.6141119221411192
SYNGENE.NS,58.158108,6.6256742,8.218014,28.623,11.83273320324738,0.7469586374695864,0.5693430656934306,0.7591240875912408,0.5961070559610706,0.5644768856447688,0.6472019464720195
SWANENERGY.NS,13.314249,1.4560151,2.3943903,-239.921,18.41584854170956,0.08759124087591241,0.0535279805352798,0.2944038929440389,0.004866180048661801,0.805352798053528,0.2491484184914842
SYRMA.NS,56.468708,4.77938,1.9706933,34.65,10.817910675845688,0.7347931873479319,0.41605839416058393,0.25304136253041365,0.7128953771289538,0.5304136253041363,0.529440389294404
SUZLON.NS,65.90476,15.568054,8.165693,53.311,22.053059778319103,0.805352798053528,0.9051094890510949,0.7566909975669099,0.9051094890510949,0.8759124087591241,0.8496350364963503
TVSMOTOR.NS,59.168266,15.089898,2.7232375,23.751,8.406021792580702,0.754257907542579,0.8905109489051095,0.36496350364963503,0.4768856447688564,0.41362530413625304,0.5800486618004866
SUVENPHAR.NS,100.0,13.99753,26.415678,74.001,41.16392111691069,0.9148418491484185,0.8710462287104623,0.9829683698296837,0.948905109489051,0.975669099756691,0.9386861313868613
TBOTEK.NS,54.346973,10.908094,7.1347785,39.639,8.153437395228734,0.7104622871046229,0.7883211678832117,0.7153284671532847,0.7980535279805353,0.3819951338199513,0.6788321167883211
TANLA.NS,11.763335,2.8935752,1.5255284,7.761,6.876857391278542,0.06326034063260341,0.24087591240875914,0.1654501216545012,0.08759124087591241,0.31386861313868614,0.17420924574209246
TCS.NS,24.50899,10.903034,4.735573,17.404,11.748584167666504,0.26034063260340634,0.7858880778588808,0.5766423357664233,0.3333333333333333,0.5620437956204379,0.5036496350364963
TATACONSUM.NS,92.58298,5.4817886,6.355465,49.131,15.0256403974188,0.8929440389294404,0.46958637469586373,0.6642335766423357,0.878345498783455,0.6739659367396593,0.7158150851581508
TATACOMM.NS,42.923717,25.625793,1.9851589,14.723,8.655267212047457,0.5571776155717761,0.9537712895377128,0.25547445255474455,0.26520681265206814,0.4233576642335766,0.4909975669099757
TATAPOWER.NS,30.87448,3.4438503,1.8354977,13.505,7.87570822570431,0.35036496350364965,0.29927007299270075,0.22627737226277372,0.2384428223844282,0.36739659367396593,0.29635036496350364
TATAMOTORS.NS,7.087518,2.0890265,0.5100433,6.011,1.47452881946164,0.021897810218978103,0.1435523114355231,0.031630170316301706,0.05596107055961071,0.009732360097323601,0.05255474452554744
TATAELXSI.NS,38.90928,12.664739,8.428614,30.793,21.06416196111545,0.48905109489051096,0.8442822384428224,0.7761557177615572,0.6326034063260341,0.8588807785888077,0.7201946472019465
TATASTEEL.NS,63.813633,1.9372687,0.7922277,10.892,2.3264964192539086,0.7858880778588808,0.1192214111922141,0.06326034063260341,0.1678832116788321,0.0340632603406326,0.2340632603406326
TATATECH.NS,40.824417,8.185593,5.078439,29.207,18.88230623424976,0.5304136253041363,0.6739659367396593,0.5888077858880778,0.610705596107056,0.8126520681265207,0.6433090024330901
TATAINVEST.NS,92.59711,0.84630334,89.65812,-32.936,-29.28067007651429,0.9002433090024331,0.0170316301703163,0.9927007299270073,0.012165450121654502,0.004866180048661801,0.38540145985401464
NIACL.NS,25.828333,0.5045122,0.5861407,17.461,2.062514813723741,0.2798053527980535,0.004866180048661801,0.043795620437956206,0.3381995133819951,0.024330900243309004,0.13819951338199513
TEJASNET.NS,22.221785,3.9755895,1.7694626,13.911,6.8714023385308085,0.23114355231143552,0.35279805352798055,0.20194647201946472,0.25060827250608275,0.31143552311435524,0.2695863746958637
TITAGARH.NS,36.49123,4.522386,2.7195637,23.986,11.501812895787731,0.46228710462287104,0.40389294403892945,0.36253041362530414,0.48661800486618007,0.5547445255474452,0.454014598540146
RAMCOCEM.NS,58.810116,2.9845376,2.528371,19.41,5.945591051774954,0.7518248175182481,0.26034063260340634,0.3309002433090024,0.3819951338199513,0.25304136253041365,0.39562043795620444
THERMAX.NS,64.51155,8.647033,3.9676464,42.289,8.6962206832205,0.7907542579075426,0.6982968369829684,0.5012165450121655,0.8272506082725061,0.4282238442822384,0.6491484184914842
TITAN.NS,84.02622,28.014606,4.7019463,58.667,23.6307841132343,0.8807785888077859,0.9635036496350365,0.5693430656934306,0.9221411192214112,0.902676399026764,0.8476885644768857
TECHNOE.NS,34.123783,3.2116082,6.031041,32.277,20.32329589763244,0.40145985401459855,0.2822384428223844,0.635036496350365,0.6545012165450121,0.8442822384428224,0.5635036496350365
TIMKEN.NS,46.513218,7.220115,6.007622,31.548,14.984139277034682,0.6131386861313869,0.6228710462287105,0.6277372262773723,0.6472019464720195,0.6715328467153284,0.6364963503649635
TORNTPHARM.NS,59.885204,14.83908,9.841755,30.742,13.172293839785915,0.7591240875912408,0.8832116788321168,0.8613138686131386,0.6277372262773723,0.6204379562043796,0.7503649635036497
TECHM.NS,31.250294,4.4221673,2.2281823,19.11,7.080059698495963,0.35766423357664234,0.38929440389294406,0.2846715328467153,0.3746958637469586,0.3333333333333333,0.34793187347931875
TORNTPOWER.NS,31.445377,5.5477552,2.6493406,15.769,11.113410446519232,0.36253041362530414,0.4744525547445255,0.34549878345498786,0.2871046228710462,0.537712895377129,0.4014598540145985
TRITURBINE.NS,48.539326,15.170315,8.559963,38.286,16.024080009345067,0.6374695863746959,0.8929440389294404,0.7834549878345499,0.7785888077858881,0.7226277372262774,0.7630170316301703
TRIDENT.NS,45.741383,3.0292304,1.9685183,17.79,4.723076063498363,0.5985401459854015,0.26520681265206814,0.25060827250608275,0.35036496350364965,0.1654501216545012,0.3260340632603407
TRIVENI.NS,39.08153,2.4744518,1.5459789,24.199,6.67455066100367,0.49391727493917276,0.18248175182481752,0.170316301703163,0.49391727493917276,0.30170316301703165,0.3284671532846716
TIINDIA.NS,62.896492,9.561905,2.796078,27.228,9.226151426954218,0.7785888077858881,0.7226277372262774,0.3771289537712895,0.5644768856447688,0.45742092457420924,0.5800486618004866
UNOMINDA.NS,49.508343,8.955908,2.9736753,28.23,9.018566063414516,0.6593673965936739,0.7055961070559611,0.39902676399026765,0.5863746958637469,0.44768856447688565,0.559610705596107
UTIAMC.NS,16.806437,3.699071,7.137812,12.255,9.834662565476783,0.13381995133819952,0.3236009732360097,0.7177615571776156,0.20194647201946472,0.48418491484184917,0.3722627737226277
TRENT.NS,102.0332,41.793575,12.195349,98.404,28.539868660463625,0.9221411192214112,0.9878345498783455,0.8929440389294404,0.9708029197080292,0.9416058394160584,0.9430656934306569
USHAMART.NS,23.925407,3.8457887,2.8975048,16.703,5.884744885884031,0.25304136253041365,0.3357664233576642,0.38929440389294406,0.30413625304136255,0.24574209245742093,0.3055961070559611
VGUARD.NS,51.794117,7.973919,2.8548136,32.782,8.230026433572238,0.6715328467153284,0.6618004866180048,0.3795620437956204,0.6715328467153284,0.39416058394160586,0.5557177615571776
UBL.NS,123.485405,12.444948,6.0287027,68.95,14.419715800719995,0.9391727493917275,0.8369829683698297,0.6326034063260341,0.9440389294403893,0.6545012165450121,0.8014598540145984
VTL.NS,15.823529,1.4207332,1.4001734,9.584,3.2758845458044217,0.1192214111922141,0.051094890510948905,0.1435523114355231,0.12652068126520682,0.07542579075425791,0.10316301703163015
UNITDSPR.NS,72.45431,13.286325,8.585122,50.023,17.91371581094901,0.8345498783454988,0.8588807785888077,0.7858880778588808,0.8832116788321168,0.7883211678832117,0.8301703163017032
DBREALTY.NS,23.74965,1.8695775,14.462896,-121.372,81.39660499630288,0.25060827250608275,0.10462287104622871,0.9343065693430657,0.0072992700729927005,0.9902676399026764,0.4574209245742093
ULTRACEMCO.NS,53.192627,5.401054,4.7424064,29.249,8.385963976633587,0.6909975669099757,0.46472019464720193,0.5790754257907542,0.6131386861313869,0.40875912408759124,0.5513381995133819
VBL.NS,67.60732,10.900855,9.05065,37.582,16.35326519385281,0.8102189781021898,0.7834549878345499,0.829683698296837,0.7639902676399026,0.7347931873479319,0.7844282238442822
VIJAYA.NS,68.490974,13.417826,14.677033,44.305,17.53020034510821,0.8175182481751825,0.8637469586374696,0.9367396593673966,0.8442822384428224,0.7737226277372263,0.8472019464720194
VARROC.NS,64.98435,3.9521646,0.7903092,10.024,2.577310907552262,0.7931873479318735,0.35036496350364965,0.06082725060827251,0.1386861313868613,0.0535279805352798,0.27931873479318736
VEDL.NS,11.990742,4.138959,1.0725693,5.596,3.04678738277092,0.0705596107055961,0.3746958637469586,0.09975669099756691,0.043795620437956206,0.0681265206812652,0.13138686131386862
MANYAVAR.NS,46.29081,12.19421,13.460156,35.942,18.18047950567964,0.6082725060827251,0.8272506082725061,0.9124087591240876,0.7396593673965937,0.8004866180048662,0.7776155717761557
VOLTAS.NS,59.875458,6.8400974,2.8927689,42.901,12.951770427777085,0.7566909975669099,0.583941605839416,0.38686131386861317,0.8369829683698297,0.6082725060827251,0.6345498783454988
VINATIORGA.NS,40.485123,6.081481,7.2830477,28.474,15.968760442552014,0.5206812652068127,0.5255474452554745,0.7226277372262774,0.5912408759124088,0.7128953771289538,0.6145985401459855
WELSPUNLIV.NS,18.245228,2.609417,1.1275396,10.833,2.95842126219047,0.1678832116788321,0.20924574209245742,0.10218978102189781,0.1630170316301703,0.06326034063260341,0.1411192214111922
WELCORP.NS,14.389462,3.5126445,1.4656343,13.689,4.584704549349198,0.10462287104622871,0.30413625304136255,0.15328467153284672,0.24574209245742093,0.15815085158150852,0.19318734793187348
ZFCVINDIA.NS,57.47167,8.407808,6.595608,40.755,15.214644682687322,0.7420924574209246,0.6861313868613139,0.6763990267639902,0.8077858880778589,0.6788321167883211,0.7182481751824816
WESTLIFE.NS,908.26666,20.492765,4.363989,47.279,9.428020860956424,0.9927007299270073,0.9416058394160584,0.5352798053527981,0.8686131386861314,0.46715328467153283,0.7610705596107056
ZOMATO.NS,277.01315,8.613452,10.625053,676.119,16.904545821780875,0.9805352798053528,0.6958637469586375,0.8759124087591241,0.9878345498783455,0.754257907542579,0.8588807785888077
ZENSARTECH.NS,23.093475,3.998168,2.8863661,17.396,12.136887128351155,0.2384428223844282,0.35766423357664234,0.3844282238442822,0.3309002433090024,0.5815085158150851,0.3785888077858881
WIPRO.NS,20.837564,3.0164971,2.9015648,13.171,8.231988000688006,0.20681265206812652,0.26277372262773724,0.39172749391727496,0.23357664233576642,0.39659367396593675,0.2982968369829684
ECLERX.NS,24.753275,6.103411,3.8434231,15.23,10.1208115085294,0.26520681265206814,0.5279805352798054,0.48418491484184917,0.2773722627737226,0.5012165450121655,0.4111922141119222
ZEEL.NS,19.721281,0.89354587,1.2050791,10.512,8.483623518815673,0.1873479318734793,0.021897810218978103,0.11435523114355231,0.15085158150851583,0.41605839416058393,0.1781021897810219
WHIRLPOOL.NS,42.377346,3.5633907,1.7629972,24.46,4.387958146181694,0.5474452554744526,0.31143552311435524,0.19951338199513383,0.5012165450121655,0.1435523114355231,0.340632603406326
ZYDUSLIFE.NS,19.268726,3.9949124,3.9209113,14.036,5.513096849784093,0.18248175182481752,0.35523114355231145,0.49635036496350365,0.25547445255474455,0.22141119221411193,0.3021897810218978
